variant_id, method             , comparison       , expected_runs, complete_runs, status  , throughput_per_hour, total_lateness_s  , pending           , safety_incidents    , decision_p95_ms   , consumed_wh       , training_steps, training_wall_s   , peak_ram_bytes
V01       , heuristic          , baseline         ,            55,            55, complete,  104.69090909090909, 14574.765313050395, 10.872727272727273, 0.0                 ,  6.943352269696662,  571.2251477270939,               ,                   ,               
V02       , fixed_cpsat        , baseline         ,            55,            55, complete,  103.32727272727273, 19868.956700619656, 12.236363636363636, 0.01818181818181818 , 30.19969818047351 , 1090.375479547689 ,               ,                   ,               
V03       , qlearning_cpsat    , representation   ,           165,           165, complete,  102.87272727272727, 22325.5303605845  , 12.690909090909091, 0.006060606060606061, 34.100715152259575, 1086.6637204566698,         900000, 22399.4557435     ,      839127040
V04       , dqn_cpsat          , learning         ,           165,           165, complete,  103.67878787878787, 20486.634833986183, 11.884848484848485, 0.0                 , 32.0894993636069  , 1092.34104772945  ,         900000, 12324.5721165     ,     1792499712
V05       , a2c_cpsat          , learning         ,           165,           165, complete,  103.46666666666667, 20519.000681155685, 12.096969696969698, 0.01818181818181818 , 33.42489696793064 , 1078.035271214196 ,         900096,  9347.248788800003,     1648340992
V06       , ppo_cpsat          , learning         ,           165,           165, complete,  102.7030303030303 , 21652.705987435154, 12.860606060606061, 0.048484848484848485, 34.42230263544124 , 1082.9267659111945,         903168, 10067.333864699991,     1690939392
V07       , qrdqn_cpsat        , learning         ,           165,           165, complete,  103.15757575757576, 20648.552162869684, 12.406060606060606, 0.012121212121212121, 32.08612569446398 , 1081.3266992445213,         900000, 13191.418397400004,     2069028864
V08       , recurrent_ppo_cpsat, memory           ,           165,           165, complete,  103.63030303030303, 21103.05812345354 , 11.933333333333334, 0.01818181818181818 , 32.95618999959319 , 1075.1632750020683,         900096, 21066.93779879999 ,     3927343104
V09       , ppo_threshold_cpsat, charging         ,           165,           165, complete,  101.93333333333334, 22904.991498310017, 13.63030303030303 , 0.07272727272727272 , 15.25759151566131 ,  895.1786704550726,         903168,  8971.89225689997 ,     1691959296
V10       , sac_cpsat          , continuous_action,           165,           165, complete,  102.38181818181818, 20860.136735884   , 13.181818181818182, 0.030303030303030304, 33.185648728033264, 1054.940659092811 ,         900000, 18055.202590400004,     1815400448
V11       , td3_cpsat          , continuous_action,           165,           165, complete,  103.24848484848485, 21085.67888811111 , 12.315151515151515, 0.012121212121212121, 34.80775336674094 , 1085.078647729392 ,         900000, 16066.133620299996,     1804718080
V12       , mappo_dispatch     , dispatch         ,           165,           165, complete,  104.28484848484848, 16099.207506420993, 11.27878787878788 , 0.012121212121212121,  7.832324730027749,  892.6035659094412,         900000, 26390.753768299997,     1880690688
V13       , forecast_mpc_milp  , system           ,            55,            55, complete,  104.0             , 20477.319478866077, 11.563636363636364, 0.0                 , 62.25105145565149 , 1033.7637750016295,               ,                   ,               
V14       , ppo_milp           , backend          ,           165,           165, complete,  103.2969696969697 , 20772.128761045577, 12.266666666666667, 0.04242424242424243 , 33.30771197051611 , 1077.7555113657031,         903168, 12999.479055200034,     1756397568
