id,name,keys,unit,formula,direction,denominator,scope,description,schema_version,missing,censoring
M01,throughput,throughput_per_hour,tasks/hour,completed / (sim_time_s/3600),maximize,simulated hours,episode,Completed tasks per simulated hour,2,null; no zero substitution,pending at T where applicable; failed runs excluded from KPI means but retained in coverage
M02,completion_backlog,"pending, completion_rate","tasks, fraction",completed/arrived; pending=arrived-completed,pending minimize,arrived tasks,episode,"All arrived tasks retained, including blocked work",2,null; no zero substitution,pending at T where applicable; failed runs excluded from KPI means but retained in coverage
M03,lateness,total_lateness_s,seconds,"sum(max(0, completion_or_T-deadline))",minimize,all arrived tasks,episode,Unweighted tardiness; pending tasks censored at observation time,2,null; no zero substitution,pending at T where applicable; failed runs excluded from KPI means but retained in coverage
M04,deadline_violations,deadline_violation_rate,"tasks, fraction",late_due / due,minimize,deadline<=T,episode,Denominator is tasks whose deadline has elapsed,2,null; no zero substitution,pending at T where applicable; failed runs excluded from KPI means but retained in coverage
M05,task_wait,mean_wait_s,seconds,sum(pickup_start_or_T-created)/arrived,minimize,arrived tasks,episode,Creation to pickup start; pending pickups censored,2,null; no zero substitution,pending at T where applicable; failed runs excluded from KPI means but retained in coverage
M06,energy,"consumed_wh, energy_per_completed_wh","Wh, Wh/task",consumed/completed; initial+charged-consumed-final,"minimize, balance=0",completed tasks,episode,Consumed/grid/battery balance and breakdown by robot kind,2,null; no zero substitution,pending at T where applicable; failed runs excluded from KPI means but retained in coverage
M07,travel,empty_distance_ratio,"metres, fraction",empty_distance/total_distance,minimize,traversed metres,episode,Actually traversed loaded and empty edges,2,null; no zero substitution,pending at T where applicable; failed runs excluded from KPI means but retained in coverage
M08,charge_wait,mean_charge_wait_s,seconds,mean(start_or_cancel_or_T-requested),minimize,accepted charge requests,episode,Accepted request to actual start/cancel/time limit,2,null; no zero substitution,pending at T where applicable; failed runs excluded from KPI means but retained in coverage
M09,charger_utilization,"charger_utilization, port_occupied_utilization","seconds, fraction",active_seconds / (ports*T),context dependent,port-seconds,episode,Actual charging and physical port-cell occupancy,2,null; no zero substitution,pending at T where applicable; failed runs excluded from KPI means but retained in coverage
M10,safety,safety_incidents,incidents,unique state audit incidents + physical safety counters,zero,all committed states,episode,Independent state audits; rejected proposals reported separately,2,null; no zero substitution,pending at T where applicable; failed runs excluded from KPI means but retained in coverage
M11,deadlock_recovery,"deadlock_recovery_rate, deadlock_recovery_s","incidents, seconds",confirmed_resolved / detected; resolved-detected,"maximize rate, minimize delay",detected incidents,episode,"First progress and confirmed recovery, unresolved censored",2,null; no zero substitution,pending at T where applicable; failed runs excluded from KPI means but retained in coverage
M12,online_latency,"decision_p95_ms, latency_components_ms",milliseconds,percentiles of end-to-end measured decisions,minimize,dispatch decisions,episode,Preparation/inference/solver/commit; advance reported separately,2,null; no zero substitution,pending at T where applicable; failed runs excluded from KPI means but retained in coverage
M13,solver_fallback,"solver_nonoptimal_rate, solver_timeout_rate, fallback_rate","calls, fraction",nonoptimal/calls; confirmed timeouts/calls; fallback/dispatch,minimize,solver calls or dispatch explicitly,episode,"Raw solver status, nonoptimal solves, confirmed timeout and fallback",2,null; no zero substitution,pending at T where applicable; failed runs excluded from KPI means but retained in coverage
M14,training_resources,resources,"steps, updates, seconds, bytes","actual steps/updates, measured wall, max simultaneous process-tree RSS",context dependent,training run,training manifest,"Actual fleet samples/updates, process-tree RAM and wall time",2,null; no zero substitution,pending at T where applicable; failed runs excluded from KPI means but retained in coverage
M15,statistical_stability,"statistics, paired_vs_reference","mean, SD, CI95","sample SD, crossed tape x training-seed bootstrap CI95",context dependent,complete expected run grid,study summary,Crossed tape/training-seed bootstrap with expected-grid coverage,2,null; no zero substitution,pending at T where applicable; failed runs excluded from KPI means but retained in coverage
M16,generalization,generalization,"KPI change, fraction",OOD-control; (OOD-control)/abs(control),context dependent,matched workload controls,study summary,Matched OOD controls; compound shift reported separately,2,null; no zero substitution,pending at T where applicable; failed runs excluded from KPI means but retained in coverage
